URN,LA,ESTAB,NOR,NORG,NORB,PNORG,PNORB,TSENELSE,PSENELSE,TSENELK,PSENELK,NUMEAL,NUMENGFL,NUMUNCFL,PNUMEAL,PNUMENGFL,PNUMUNCFL,PNUMFSM,NUMFSMEVER,PNUMFSMEVER
112456,815,6041,66,18,48,27.3,72.7,63,95.5,0,0,0,0,0,0,0,0,0,NP,NP
121293,815,2040,34,17,17,50,50,0,0,1,2.9,0,34,0,0,100,0,11.8,4,11.8
121294,815,2041,42,18,24,42.9,57.1,0,0,8,19,0,42,0,0,100,0,0,NP,NP
121295,815,2042,34,14,20,41.2,58.8,0,0,5,14.7,0,34,0,0,100,0,0,NP,NP
121296,815,2043,22,11,11,50,50,0,0,5,22.7,0,22,0,0,100,0,4.5,1,4.5
121300,815,2060,43,20,23,46.5,53.5,0,0,3,7,0,43,0,0,100,0,10.3,12,32.4
121301,815,2061,94,53,41,56.4,43.6,0,0,29,30.9,3,91,0,3.2,96.8,0,15.2,32,43.8
121302,815,2063,53,28,25,52.8,47.2,0,0,7,13.2,0,53,0,0,100,0,7.5,6,11.3
121303,815,2064,243,115,128,47.3,52.7,2,0.8,17,7,12,231,0,4.9,95.1,0,9.7,33,15.3
121305,815,2074,296,143,153,48.3,51.7,1,0.3,73,24.7,25,271,0,8.4,91.6,0,21.1,58,23.6
121306,815,2075,108,53,55,49.1,50.9,1,0.9,22,20.4,2,106,0,1.9,98.1,0,4.2,7,7.4
121307,815,2076,425,208,217,48.9,51.1,6,1.4,38,8.9,14,411,0,3.3,96.7,0,7.1,60,14.1
121308,815,2080,280,129,151,46.1,53.9,1,0.4,25,8.9,10,270,0,3.6,96.4,0,13.2,54,19.3
121309,815,2081,46,26,20,56.5,43.5,0,0,4,8.7,0,46,0,0,100,0,0,NP,NP
121310,815,2083,42,17,25,40.5,59.5,1,2.4,4,9.5,0,42,0,0,100,0,4.8,2,4.8
121311,815,2096,54,26,28,48.1,51.9,2,3.7,2,3.7,0,54,0,0,100,0,4.8,6,15
121312,815,2097,262,132,130,50.4,49.6,2,0.8,22,8.4,4,258,0,1.5,98.5,0,6.9,35,13.4
121313,815,2098,21,10,11,47.6,52.4,0,0,1,4.8,0,21,0,0,100,0,13.3,4,26.7
121314,815,2108,382,192,190,50.3,49.7,6,1.6,38,9.9,29,353,0,7.6,92.4,0,35.5,195,55.4
121316,815,2112,430,212,218,49.3,50.7,3,0.7,81,18.8,3,427,0,0.7,99.3,0,33,204,53.1
121317,815,2114,365,196,169,53.7,46.3,1,0.3,52,14.2,92,273,0,25.2,74.8,0,28.6,179,52.8
121319,815,2117,799,399,400,49.9,50.1,10,1.3,101,12.6,92,707,0,11.5,88.5,0,16.3,243,30.4
121321,815,2120,617,313,304,50.7,49.3,5,0.8,85,13.8,8,609,0,1.3,98.7,0,13.9,148,24
121322,815,2132,76,32,44,42.1,57.9,0,0,4,5.3,1,75,0,1.3,98.7,0,0,3,3.9
121323,815,2133,20,15,5,75,25,1,5,2,10,0,20,0,0,100,0,0,NP,NP
121324,815,2138,24,12,12,50,50,0,0,5,20.8,0,24,0,0,100,0,0,1,4.2
121326,815,2150,62,24,38,38.7,61.3,0,0,6,9.7,0,62,0,0,100,0,0,NP,NP
121327,815,2151,95,40,55,42.1,57.9,1,1.1,5,5.3,0,95,0,0,100,0,2.1,2,2.1
121330,815,2163,144,57,87,39.6,60.4,1,0.7,29,20.1,15,129,0,10.4,89.6,0,26.4,52,36.1
121331,815,2164,252,118,134,46.8,53.2,2,0.8,22,8.7,7,245,0,2.8,97.2,0,8.7,41,16.3
121332,815,2165,141,68,73,48.2,51.8,2,1.4,35,24.8,60,81,0,42.6,57.4,0,0,16,13.3
121333,815,2166,212,100,112,47.2,52.8,7,3.3,35,16.5,5,207,0,2.4,97.6,0,0,12,5.7
121334,815,2167,231,102,129,44.2,55.8,0,0,50,21.6,25,206,0,10.8,89.2,0,22.8,65,32.2
121336,815,2170,204,112,92,54.9,45.1,1,0.5,47,23,5,199,0,2.5,97.5,0,16.4,66,35.9
121337,815,2171,114,49,65,43,57,2,1.8,25,21.9,1,113,0,0.9,99.1,0,2.8,8,7.4
121338,815,2173,470,211,259,44.9,55.1,2,0.4,87,18.5,82,388,0,17.4,82.6,0,3.5,43,10.5
121341,815,2183,302,173,129,57.3,42.7,6,2,43,14.2,8,294,0,2.6,97.4,0,11.3,NP,NP
121342,815,2186,88,34,54,38.6,61.4,2,2.3,13,14.8,2,86,0,2.3,97.7,0,4.5,9,10.2
121343,815,2188,204,96,108,47.1,52.9,4,2,43,21.1,28,176,0,13.7,86.3,0,4.4,46,22.5
121344,815,2189,261,126,135,48.3,51.7,5,1.9,58,22.2,40,221,0,15.3,84.7,0,2.5,13,6.4
121345,815,2190,220,106,114,48.2,51.8,2,0.9,15,6.8,4,216,0,1.8,98.2,0,9.8,NP,NP
121346,815,2197,206,97,109,47.1,52.9,2,1,23,11.2,10,196,0,4.9,95.1,0,8.9,NP,NP
121349,815,2206,204,100,104,49,51,5,2.5,27,13.2,22,182,0,10.8,89.2,0,14.7,55,27
121350,815,2212,243,128,115,52.7,47.3,4,1.6,36,14.8,23,220,0,9.5,90.5,0,6.1,29,13.6
121353,815,2217,189,89,100,47.1,52.9,4,2.1,12,6.3,3,186,0,1.6,98.4,0,16.5,43,26.1
121355,815,2221,64,25,39,39.1,60.9,1,1.6,7,10.9,0,64,0,0,100,0,3.1,7,10.9
121356,815,2222,258,136,122,52.7,47.3,3,1.2,45,17.4,0,258,0,0,100,0,9.3,50,19.4
121357,815,2223,408,197,211,48.3,51.7,8,2,12,2.9,6,402,0,1.5,98.5,0,3.4,38,9.3
121358,815,2224,193,89,104,46.1,53.9,2,1,29,15,0,193,0,0,100,0,7.8,27,14
121359,815,2225,233,114,119,48.9,51.1,7,3,63,27,10,223,0,4.3,95.7,0,3,22,9.4
121361,815,2228,211,105,106,49.8,50.2,1,0.5,22,10.4,9,202,0,4.3,95.7,0,1.9,6,2.8
121362,815,2233,227,106,121,46.7,53.3,0,0,13,5.7,3,224,0,1.3,98.7,0,3.5,18,7.9
121363,815,2235,238,120,118,50.4,49.6,1,0.4,21,8.8,3,235,0,1.3,98.7,0,8.3,19,10.5
121364,815,2236,118,50,68,42.4,57.6,1,0.8,9,7.6,6,112,0,5.1,94.9,0,3.8,12,11.7
121365,815,2237,263,133,130,50.6,49.4,4,1.5,24,9.1,19,244,0,7.2,92.8,0,14.2,60,26.2
121368,815,2242,236,117,119,49.6,50.4,1,0.4,64,27.1,15,221,0,6.4,93.6,0,27.7,82,41
121369,815,2245,162,81,81,50,50,2,1.2,4,2.5,0,162,0,0,100,0,0.6,7,4.3
121370,815,2246,159,74,85,46.5,53.5,1,0.6,17,10.7,0,159,0,0,100,0,3.8,12,7.5
121371,815,2247,85,50,35,58.8,41.2,1,1.2,8,9.4,0,85,0,0,100,0,5.9,6,7.1
121372,815,2249,189,84,105,44.4,55.6,1,0.5,27,14.3,4,185,0,2.1,97.9,0,17.5,46,27.7
121373,815,2250,66,36,30,54.5,45.5,0,0,7,10.6,0,66,0,0,100,0,10.6,10,15.2
121374,815,2252,197,87,110,44.2,55.8,0,0,14,7.1,2,195,0,1,99,0,4.1,NP,NP
121376,815,2256,43,22,21,51.2,48.8,0,0,6,14,0,43,0,0,100,0,7,NP,NP
121377,815,2257,234,104,130,44.4,55.6,1,0.4,21,9,1,233,0,0.4,99.6,0,4.9,25,12.3
121378,815,2301,110,50,60,45.5,54.5,1,0.9,4,3.6,0,110,0,0,100,0,1.8,5,4.5
121380,815,2305,132,55,77,41.7,58.3,6,4.5,17,12.9,3,129,0,2.3,97.7,0,17.1,26,23.2
121382,815,2309,168,80,88,47.6,52.4,4,2.4,41,24.4,15,153,0,8.9,91.1,0,15.6,38,25.7
121383,815,2310,139,75,64,54,46,0,0,7,5,2,137,0,1.4,98.6,0,5,11,7.9
121385,815,2312,53,37,16,69.8,30.2,0,0,9,17,1,52,0,1.9,98.1,0,15.1,9,17
121386,815,2314,162,87,75,53.7,46.3,1,0.6,19,11.7,2,160,0,1.2,98.8,0,13.6,37,22.8
121387,815,2316,138,58,80,42,58,1,0.7,8,5.8,2,136,0,1.4,98.6,0,3.6,5,3.6
121388,815,2317,132,71,61,53.8,46.2,1,0.8,6,4.5,4,128,0,3,97,0,5.3,14,10.6
121390,815,2320,67,38,29,56.7,43.3,0,0,1,1.5,0,67,0,0,100,0,9,9,13.4
121391,815,2321,86,49,37,57,43,1,1.2,6,7,0,86,0,0,100,0,5.2,4,7.5
121392,815,2324,70,29,41,41.4,58.6,1,1.4,9,12.9,0,70,0,0,100,0,10,11,15.7
121393,815,2327,61,22,39,36.1,63.9,3,4.9,6,9.8,1,60,0,1.6,98.4,0,1.7,2,3.6
121395,815,2329,323,167,156,51.7,48.3,14,4.3,30,9.3,114,209,0,35.3,64.7,0,11.6,52,17.7
121398,815,2332,214,107,107,50,50,6,2.8,21,9.8,23,191,0,10.7,89.3,0,11.7,38,20.1
121401,815,2335,56,24,32,42.9,57.1,0,0,8,14.3,2,54,0,3.6,96.4,0,8.9,9,16.1
121402,815,2336,57,26,31,45.6,54.4,2,3.5,3,5.3,0,57,0,0,100,0,10.5,8,14
121403,815,2337,138,69,69,50,50,1,0.7,11,8,2,136,0,1.4,98.6,0,3.6,16,11.6
121404,815,2338,73,40,33,54.8,45.2,0,0,13,17.8,1,72,0,1.4,98.6,0,13.7,13,17.8
121406,815,2343,30,17,13,56.7,43.3,2,6.7,4,13.3,2,28,0,6.7,93.3,0,0,NP,NP
121410,815,2347,45,22,23,48.9,51.1,0,0,7,15.6,1,44,0,2.2,97.8,0,2.2,6,13.3
121411,815,2348,83,39,44,47,53,1,1.2,3,3.6,3,80,0,3.6,96.4,0,8.4,9,10.8
121413,815,2350,81,39,42,48.1,51.9,1,1.2,4,4.9,1,80,0,1.2,98.8,0,4.9,8,9.9
121415,815,2354,62,36,26,58.1,41.9,1,1.6,3,4.8,1,61,0,1.6,98.4,0,6.5,7,11.3
121417,815,2356,224,98,126,43.8,56.3,2,0.9,12,5.4,13,211,0,5.8,94.2,0,0.4,4,1.8
121418,815,2357,192,99,93,51.6,48.4,1,0.5,20,10.4,1,191,0,0.5,99.5,0,2.6,11,5.7
121419,815,2358,71,36,35,50.7,49.3,1,1.4,6,8.5,0,71,0,0,100,0,0,NP,NP
121420,815,2359,201,96,105,47.8,52.2,2,1,29,14.4,0,201,0,0,100,0,4.5,17,8.5
121421,815,2360,75,43,32,57.3,42.7,0,0,11,14.7,0,75,0,0,100,0,8,8,10.7
121423,815,2363,228,111,117,48.7,51.3,2,0.9,15,6.6,7,221,0,3.1,96.9,0,13.2,53,23.2
121424,815,2364,573,302,271,52.7,47.3,18,3.1,80,14,54,519,0,9.4,90.6,0,17.5,118,22.6
121425,815,2365,251,135,116,53.8,46.2,4,1.6,18,7.2,16,235,0,6.4,93.6,0,16,59,27.6
121426,815,2366,101,40,61,39.6,60.4,3,3,13,12.9,17,84,0,16.8,83.2,0,21.3,18,23.7
121427,815,2367,106,48,58,45.3,54.7,2,1.9,18,17,6,100,0,5.7,94.3,0,9.4,21,19.8
121435,815,2380,220,104,116,47.3,52.7,1,0.5,30,13.6,8,212,0,3.6,96.4,0,10,31,15.5
121436,815,2381,267,127,140,47.6,52.4,4,1.5,30,11.2,8,259,0,3,97,0,6.4,28,10.5
121444,815,2390,281,126,155,44.8,55.2,2,0.7,23,8.2,40,241,0,14.2,85.8,0,29.2,102,41.5
121445,815,2391,194,105,89,54.1,45.9,0,0,22,11.3,2,192,0,1,99,0,1.8,11,6.5
121446,815,2392,123,53,70,43.1,56.9,2,1.6,13,10.6,0,123,0,0,100,0,3.6,15,13.6
121447,815,2393,375,195,180,52,48,4,1.1,14,3.7,11,364,0,2.9,97.1,0,7.8,49,14.7
121448,815,2400,178,87,91,48.9,51.1,3,1.7,28,15.7,39,139,0,21.9,78.1,0,20.3,49,31
121449,815,2401,373,183,190,49.1,50.9,8,2.1,58,15.5,8,365,0,2.1,97.9,0,5.4,43,13
121450,815,2402,163,76,87,46.6,53.4,3,1.8,25,15.3,1,162,0,0.6,99.4,0,1.8,18,11
121451,815,2403,263,138,125,52.5,47.5,3,1.1,52,19.8,3,260,0,1.1,98.9,0,13.9,57,26.4
121452,815,2404,71,38,33,53.5,46.5,1,1.4,5,7,0,71,0,0,100,0,4.2,4,5.6
121453,815,2405,64,37,27,57.8,42.2,1,1.6,4,6.3,1,63,0,1.6,98.4,0,3.7,4,7.4
121454,815,2406,35,16,19,45.7,54.3,0,0,4,11.4,0,35,0,0,100,0,35.3,15,44.1
121455,815,2407,146,67,79,45.9,54.1,4,2.7,8,5.5,0,146,0,0,100,0,2.1,10,6.8
121456,815,2408,620,285,335,46,54,8,1.3,127,20.5,52,568,0,8.4,91.6,0,13.1,120,21.1
121457,815,2410,185,82,103,44.3,55.7,4,2.2,16,8.6,2,183,0,1.1,98.9,0,5.4,20,10.8
121458,815,2411,149,72,77,48.3,51.7,2,1.3,38,25.5,3,146,0,2,98,0,15.7,34,25.4
121459,815,2413,260,142,118,54.6,45.4,3,1.2,30,11.5,3,257,0,1.2,98.8,0,17.3,85,32.7
121460,815,2418,206,120,86,58.3,41.7,1,0.5,31,15,8,198,0,3.9,96.1,0,1,14,6.8
121461,815,2421,403,196,207,48.6,51.4,2,0.5,48,11.9,11,392,0,2.7,97.3,0,8.4,59,19.1
121462,815,2422,115,53,62,46.1,53.9,2,1.7,12,10.4,4,111,0,3.5,96.5,0,16,22,23.4
121463,815,2424,204,97,107,47.5,52.5,1,0.5,47,23,16,188,0,7.8,92.2,0,15.2,60,29.4
121464,815,2425,244,135,109,55.3,44.7,2,0.8,39,16,21,223,0,8.6,91.4,0,15.3,35,20.3
121466,815,2427,434,208,226,47.9,52.1,4,0.9,51,11.8,0,434,0,0,100,0,0.5,19,4.8
121469,815,2430,163,76,87,46.6,53.4,1,0.6,31,19,16,147,0,9.8,90.2,0,29.3,60,40
121471,815,3000,93,51,42,54.8,45.2,3,3.2,15,16.1,1,92,0,1.1,98.9,0,9.7,12,12.9
121472,815,3001,38,15,23,39.5,60.5,2,5.3,8,21.1,6,32,0,15.8,84.2,0,10.5,4,10.5
121475,815,3005,36,19,17,52.8,47.2,0,0,5,13.9,0,36,0,0,100,0,7.1,5,17.9
121476,815,3006,14,9,5,64.3,35.7,0,0,2,14.3,0,14,0,0,100,0,0,NP,NP
121477,815,3008,43,15,28,34.9,65.1,1,2.3,0,0,3,40,0,7,93,0,13.8,4,16.7
121478,815,3009,44,21,23,47.7,52.3,0,0,2,4.5,1,43,0,2.3,97.7,0,2.3,1,2.3
121479,815,3010,328,162,166,49.4,50.6,3,0.9,16,4.9,11,317,0,3.4,96.6,0,7.6,41,12.5
121480,815,3012,15,3,12,20,80,2,13.3,2,13.3,1,14,0,6.7,93.3,0,13.3,4,26.7
121481,815,3015,205,93,112,45.4,54.6,0,0,22,10.7,1,204,0,0.5,99.5,0,8.3,25,12.2
121482,815,3016,23,18,5,78.3,21.7,0,0,3,13,0,23,0,0,100,0,0,NP,NP
121483,815,3020,93,48,45,51.6,48.4,0,0,9,9.7,0,93,0,0,100,0,0,2,2.2
121484,815,3021,98,52,46,53.1,46.9,1,1,2,2,1,97,0,1,99,0,3.1,6,6.1
121486,815,3025,39,20,19,51.3,48.7,2,5.1,2,5.1,0,39,0,0,100,0,15.4,6,15.4
121487,815,3027,86,48,38,55.8,44.2,3,3.5,9,10.5,0,86,0,0,100,0,8.8,8,10
121491,815,3035,93,48,45,51.6,48.4,2,2.2,9,9.7,0,93,0,0,100,0,17.2,21,22.6
121492,815,3039,34,16,18,47.1,52.9,1,2.9,7,20.6,0,34,0,0,100,0,0,1,3.8
121493,815,3040,31,14,17,45.2,54.8,1,3.2,3,9.7,0,31,0,0,100,0,0,1,3.2
121495,815,3042,53,28,25,52.8,47.2,0,0,6,11.3,1,52,0,1.9,98.1,0,1.9,2,3.8
121496,815,3045,38,22,16,57.9,42.1,0,0,9,23.7,0,38,0,0,100,0,5.3,4,10.5
121497,815,3046,73,37,36,50.7,49.3,1,1.4,7,9.6,0,73,0,0,100,0,1.4,4,5.5
121498,815,3050,54,28,26,51.9,48.1,2,3.7,6,11.1,1,53,0,1.9,98.1,0,7.4,7,13
121499,815,3053,186,82,104,44.1,55.9,2,1.1,17,9.1,6,180,0,3.2,96.8,0,7.3,32,18.1
121500,815,3054,38,26,12,68.4,31.6,0,0,6,15.8,0,38,0,0,100,0,2.6,2,5.3
121501,815,3055,97,51,46,52.6,47.4,2,2.1,5,5.2,0,97,0,0,100,0,0,6,6.2
121502,815,3057,64,36,28,56.3,43.8,2,3.1,11,17.2,1,63,0,1.6,98.4,0,10.2,15,25.9
121503,815,3060,42,29,13,69,31,3,7.1,11,26.2,1,41,0,2.4,97.6,0,7.1,7,16.7
121504,815,3062,107,55,52,51.4,48.6,4,3.7,30,28,10,97,0,9.3,90.7,0,3.9,6,6.2
121506,815,3068,140,75,65,53.6,46.4,1,0.7,16,11.4,0,140,0,0,100,0,5.7,NP,NP
121507,815,3069,79,37,42,46.8,53.2,2,2.5,9,11.4,0,79,0,0,100,0,7.5,9,13.6
121508,815,3076,25,11,14,44,56,1,4,4,16,2,23,0,8,92,0,16,4,16
121510,815,3088,38,17,21,44.7,55.3,0,0,4,10.5,0,38,0,0,100,0,2.6,1,2.6
121513,815,3099,73,38,35,52.1,47.9,1,1.4,6,8.2,1,72,0,1.4,98.6,0,2.7,5,6.8
121514,815,3101,82,41,41,50,50,0,0,11,13.4,1,81,0,1.2,98.8,0,2.4,5,6.1
121515,815,3108,49,26,23,53.1,46.9,2,4.1,5,10.2,0,49,0,0,100,0,10.3,7,18.4
121516,815,3109,93,47,46,50.5,49.5,3,3.2,9,9.7,0,93,0,0,100,0,6.5,8,8.6
121517,815,3110,35,19,16,54.3,45.7,1,2.9,3,8.6,0,35,0,0,100,0,8.6,3,8.6
121518,815,3113,73,31,42,42.5,57.5,0,0,10,13.7,0,73,0,0,100,0,2.7,3,4.1
121520,815,3117,198,107,91,54,46,3,1.5,9,4.5,0,198,0,0,100,0,8.8,19,12.1
121521,815,3119,30,11,19,36.7,63.3,1,3.3,7,23.3,1,29,0,3.3,96.7,0,13.3,5,16.7
121523,815,3122,43,26,17,60.5,39.5,0,0,6,14,0,43,0,0,100,0,4.7,3,7
121524,815,3124,42,21,21,50,50,0,0,13,31,0,42,0,0,100,0,0,5,11.9
121525,815,3126,94,49,45,52.1,47.9,0,0,2,2.1,9,85,0,9.6,90.4,0,4.3,9,9.6
121526,815,3130,45,22,23,48.9,51.1,1,2.2,6,13.3,0,45,0,0,100,0,15.6,10,22.2
121528,815,3139,80,47,33,58.8,41.3,0,0,16,20,0,80,0,0,100,0,5,13,16.3
121529,815,3150,107,52,55,48.6,51.4,2,1.9,8,7.5,0,107,0,0,100,0,1.9,9,8.4
121532,815,3153,142,72,70,50.7,49.3,3,2.1,5,3.5,4,138,0,2.8,97.2,0,0,3,2.1
121534,815,3155,120,64,56,53.3,46.7,0,0,18,15,2,118,0,1.7,98.3,0,3.3,14,11.7
121538,815,3160,67,29,38,43.3,56.7,1,1.5,2,3,2,65,0,3,97,0,7.5,8,11.9
121539,815,3161,38,17,21,44.7,55.3,1,2.6,7,18.4,0,38,0,0,100,0,34.2,18,47.4
121540,815,3163,39,19,20,48.7,51.3,0,0,3,7.7,0,39,0,0,100,0,8.6,7,20
121541,815,3165,71,32,39,45.1,54.9,0,0,23,32.4,0,71,0,0,100,0,12.9,9,13.4
121542,815,3207,17,8,9,47.1,52.9,0,0,1,5.9,0,17,0,0,100,0,0,NP,NP
121543,815,3208,22,13,9,59.1,40.9,0,0,3,13.6,0,22,0,0,100,0,0,NP,NP
121544,815,3210,311,159,152,51.1,48.9,3,1,29,9.3,6,305,0,1.9,98.1,0,9,40,12.9
121548,815,3223,47,25,22,53.2,46.8,2,4.3,8,17,0,47,0,0,100,0,0,NP,NP
121549,815,3225,96,50,46,52.1,47.9,1,1,15,15.6,2,94,0,2.1,97.9,0,21.6,20,23.8
121550,815,3226,93,48,45,51.6,48.4,0,0,21,22.6,0,93,0,0,100,0,6.5,8,8.6
121551,815,3227,111,50,61,45,55,3,2.7,10,9,0,111,0,0,100,0,2.7,4,3.6
121552,815,3228,23,5,18,21.7,78.3,1,4.3,6,26.1,0,23,0,0,100,0,8.7,2,8.7
121554,815,3231,380,161,219,42.4,57.6,7,1.8,39,10.3,2,378,0,0.5,99.5,0,4.2,31,8.6
121555,815,3232,80,35,45,43.8,56.3,1,1.3,13,16.3,1,79,0,1.3,98.8,0,5,10,12.5
121556,815,3233,72,34,38,47.2,52.8,1,1.4,16,22.2,1,71,0,1.4,98.6,0,10.4,12,20
121557,815,3234,29,18,11,62.1,37.9,1,3.4,4,13.8,0,29,0,0,100,0,3.8,1,3.8
121558,815,3235,44,18,26,40.9,59.1,1,2.3,7,15.9,4,40,0,9.1,90.9,0,6.8,3,6.8
121559,815,3236,208,107,101,51.4,48.6,3,1.4,15,7.2,5,203,0,2.4,97.6,0,3.8,10,4.8
121560,815,3237,63,32,31,50.8,49.2,3,4.8,4,6.3,0,63,0,0,100,0,0,3,4.8
121561,815,3238,26,13,13,50,50,0,0,5,19.2,0,26,0,0,100,0,3.8,1,3.8
121562,815,3240,94,49,45,52.1,47.9,3,3.2,8,8.5,1,93,0,1.1,98.9,0,3.2,4,4.3
121563,815,3241,75,36,39,48,52,0,0,10,13.3,0,75,0,0,100,0,4.1,7,9.5
121564,815,3242,100,47,53,47,53,2,2,12,12,0,100,0,0,100,0,0,2,2.2
121565,815,3243,70,32,38,45.7,54.3,0,0,5,7.1,0,70,0,0,100,0,7.6,7,11.1
121566,815,3244,173,83,90,48,52,3,1.7,15,8.7,1,172,0,0.6,99.4,0,5.2,13,7.5
121569,815,3248,123,54,69,43.9,56.1,0,0,11,8.9,2,121,0,1.6,98.4,0,4.9,10,8.1
121570,815,3249,82,42,40,51.2,48.8,3,3.7,9,11,0,82,0,0,100,0,3.7,11,13.4
121571,815,3251,218,121,97,55.5,44.5,1,0.5,18,8.3,1,217,0,0.5,99.5,0,1.5,12,6.2
121572,815,3252,60,26,34,43.3,56.7,0,0,4,6.7,1,59,0,1.7,98.3,0,0,2,3.3
121573,815,3253,104,56,48,53.8,46.2,2,1.9,14,13.5,0,104,0,0,100,0,1,5,5.2
121575,815,3255,38,18,20,47.4,52.6,1,2.6,4,10.5,2,36,0,5.3,94.7,0,0,1,2.6
121576,815,3256,44,27,17,61.4,38.6,0,0,7,15.9,3,41,0,6.8,93.2,0,11.9,6,15
121577,815,3257,204,104,100,51,49,1,0.5,16,7.8,0,204,0,0,100,0,0.5,6,2.9
121578,815,3258,60,22,38,36.7,63.3,0,0,11,18.3,0,60,0,0,100,0,3.3,9,15
121580,815,3261,76,35,41,46.1,53.9,2,2.6,9,11.8,0,76,0,0,100,0,3.9,3,3.9
121581,815,3262,203,103,100,50.7,49.3,0,0,21,10.3,20,183,0,9.9,90.1,0,15.3,41,20.2
121582,815,3263,266,131,135,49.2,50.8,6,2.3,40,15,29,237,0,10.9,89.1,0,9.4,43,16.2
121583,815,3264,104,48,56,46.2,53.8,0,0,14,13.5,1,103,0,1,99,0,0,NP,NP
121584,815,3266,95,45,50,47.4,52.6,1,1.1,9,9.5,0,95,0,0,100,0,0,2,2.1
121585,815,3267,77,33,44,42.9,57.1,0,0,6,7.8,0,77,0,0,100,0,0,NP,NP
121586,815,3268,328,161,167,49.1,50.9,0,0,62,18.9,60,268,0,18.3,81.7,0,14,104,31.7
121587,815,3270,208,96,112,46.2,53.8,2,1,14,6.7,8,200,0,3.8,96.2,0,3.6,16,9.1
121588,815,3271,111,58,53,52.3,47.7,1,0.9,6,5.4,1,110,0,0.9,99.1,0,5.4,10,10.9
121589,815,3272,37,19,18,51.4,48.6,0,0,7,18.9,0,37,0,0,100,0,16.2,8,21.6
121590,815,3273,158,90,68,57,43,5,3.2,19,12,17,141,0,10.8,89.2,0,18.4,37,23.4
121591,815,3274,265,116,149,43.8,56.2,3,1.1,61,23,43,219,3,16.2,82.6,1.1,11.3,56,21.1
121592,815,3275,114,65,49,57,43,1,0.9,6,5.3,1,113,0,0.9,99.1,0,5.6,13,12.4
121593,815,3276,113,51,62,45.1,54.9,3,2.7,12,10.6,1,112,0,0.9,99.1,0,12.4,20,17.7
121594,815,3277,49,25,24,51,49,2,4.1,6,12.2,1,48,0,2,98,0,14.3,10,20.4
121596,815,3282,138,62,76,44.9,55.1,2,1.4,14,10.1,6,132,0,4.3,95.7,0,1.4,4,2.9
121598,815,3284,216,104,112,48.1,51.9,2,0.9,1,0.5,27,189,0,12.5,87.5,0,8.7,19,11.1
121599,815,3285,133,65,68,48.9,51.1,4,3,11,8.3,8,125,0,6,94,0,10.6,22,16.5
121600,815,3287,127,56,71,44.1,55.9,1,0.8,10,7.9,1,126,0,0.8,99.2,0,3.1,6,4.7
121602,815,3289,41,23,18,56.1,43.9,2,4.9,3,7.3,0,41,0,0,100,0,0,2,4.9
121604,815,3301,105,44,61,41.9,58.1,0,0,12,11.4,0,105,0,0,100,0,4.8,9,8.6
121606,815,3304,51,24,27,47.1,52.9,1,2,4,7.8,3,48,0,5.9,94.1,0,2,5,9.8
121608,815,3306,40,18,22,45,55,2,5,7,17.5,0,40,0,0,100,0,2.5,1,2.5
121609,815,3307,171,82,89,48,52,2,1.2,36,21.1,4,167,0,2.3,97.7,0,15.2,43,25.1
121610,815,3308,54,31,23,57.4,42.6,0,0,8,14.8,0,54,0,0,100,0,0,7,13
121611,815,3315,126,68,58,54,46,1,0.8,16,12.7,1,125,0,0.8,99.2,0,3.2,5,4
121613,815,3319,112,51,61,45.5,54.5,0,0,7,6.3,1,111,0,0.9,99.1,0,8,11,9.8
121614,815,3320,33,14,19,42.4,57.6,0,0,3,9.1,0,33,0,0,100,0,9.1,7,21.2
121615,815,3326,276,133,143,48.2,51.8,0,0,20,7.2,17,259,0,6.2,93.8,0,3.6,19,6.9
121616,815,3331,43,16,27,37.2,62.8,1,2.3,11,25.6,0,43,0,0,100,0,2.3,1,2.6
121619,815,3337,51,27,24,52.9,47.1,1,2,7,13.7,2,49,0,3.9,96.1,0,3.9,5,9.8
121620,815,3350,55,26,29,47.3,52.7,0,0,6,10.9,1,54,0,1.8,98.2,0,1.8,3,5.9
121621,815,3351,83,45,38,54.2,45.8,1,1.2,8,9.6,1,82,0,1.2,98.8,0,1.4,1,1.4
121622,815,3352,17,8,9,47.1,52.9,0,0,2,11.8,1,16,0,5.9,94.1,0,0,1,5.9
121624,815,3354,158,79,79,50,50,2,1.3,15,9.5,11,147,0,7,93,0,3.2,12,7.6
121625,815,3355,164,85,79,51.8,48.2,3,1.8,13,7.9,3,161,0,1.8,98.2,0,2.2,7,5.1
121626,815,3356,12,3,9,25,75,0,0,3,25,0,12,0,0,100,0,16.7,2,16.7
121627,815,3357,67,29,38,43.3,56.7,0,0,13,19.4,0,67,0,0,100,0,0,NP,NP
121629,815,3360,54,25,29,46.3,53.7,1,1.9,0,0,0,54,0,0,100,0,1.9,4,7.4
121630,815,3361,89,45,44,50.6,49.4,3,3.4,8,9,0,89,0,0,100,0,1.1,4,4.5
121631,815,3362,63,30,33,47.6,52.4,1,1.6,6,9.5,1,62,0,1.6,98.4,0,0,2,3.2
121632,815,3363,113,56,57,49.6,50.4,0,0,5,4.4,0,108,5,0,95.6,4.4,2.1,4,4.3
121635,815,3369,137,65,72,47.4,52.6,1,0.7,11,8,0,137,0,0,100,0,0.7,3,2.2
121638,815,3372,152,75,77,49.3,50.7,0,0,13,8.6,29,122,1,19.1,80.3,0.7,1.5,13,9.9
121639,815,3373,179,95,84,53.1,46.9,1,0.6,14,7.8,35,144,0,19.6,80.4,0,3.9,12,6.7
121641,815,3376,66,35,31,53,47,3,4.5,9,13.6,0,66,0,0,100,0,9.1,8,12.1
121642,815,3377,264,127,137,48.1,51.9,2,0.8,25,9.5,88,176,0,33.3,66.7,0,2.7,17,6.4
121650,815,3600,73,36,37,49.3,50.7,0,0,10,13.7,10,63,0,13.7,86.3,0,4.1,5,6.8
121651,815,3602,27,11,16,40.7,59.3,0,0,6,22.2,0,27,0,0,100,0,0,3,11.1
121653,815,3609,151,73,78,48.3,51.7,3,2,8,5.3,25,126,0,16.6,83.4,0,5.3,13,8.6
121654,815,3610,98,55,43,56.1,43.9,0,0,14,14.3,0,98,0,0,100,0,11,19,20.9
121655,815,3614,170,89,81,52.4,47.6,3,1.8,6,3.5,1,169,0,0.6,99.4,0,12.4,39,22.9
121656,815,3615,211,99,112,46.9,53.1,2,0.9,8,3.8,26,185,0,12.3,87.7,0,4.3,15,7.1
121657,815,3616,85,42,43,49.4,50.6,0,0,3,3.5,33,52,0,38.8,61.2,0,1.2,3,3.8
121658,815,3620,34,13,21,38.2,61.8,0,0,3,8.8,2,32,0,5.9,94.1,0,5.9,5,14.7
121659,815,3631,98,52,46,53.1,46.9,0,0,26,26.5,3,95,0,3.1,96.9,0,24.4,35,39.3
121663,815,4004,485,239,246,49.3,50.7,1,0.2,96,19.8,20,465,0,4.1,95.9,0,8.5,121,24.9
121664,815,4005,763,391,372,51.2,48.8,12,1.6,71,9.3,9,744,10,1.2,97.5,1.3,4.4,89,13.3
121665,815,4022,662,355,307,53.6,46.4,1,0.2,35,5.3,6,656,0,0.9,99.1,0,5.6,83,12.5
121666,815,4035,915,443,472,48.4,51.6,6,0.7,83,9.1,25,890,0,2.7,97.3,0,7.6,138,17.5
121667,815,4039,844,409,435,48.5,51.5,15,1.8,105,12.4,4,840,0,0.5,99.5,0,8.2,138,21.3
121668,815,4041,410,191,219,46.6,53.4,11,2.7,49,12,4,406,0,1,99,0,8.8,88,21.5
121670,815,4052,532,250,282,47,53,15,2.8,38,7.1,11,520,1,2.1,97.7,0.2,5.5,77,14.5
121671,815,4054,852,446,406,52.3,47.7,10,1.2,70,8.2,5,847,0,0.6,99.4,0,6.4,89,12.6
121674,815,4069,645,316,329,49,51,7,1.1,81,12.6,5,635,5,0.8,98.4,0.8,21.6,270,41.9
121675,815,4070,1012,523,489,51.7,48.3,7,0.7,121,12,70,942,0,6.9,93.1,0,19.7,402,39.7
121678,815,4074,1101,548,553,49.8,50.2,12,1.1,120,10.9,21,1067,13,1.9,96.9,1.2,8.1,163,17.7
121679,815,4075,391,186,205,47.6,52.4,5,1.3,44,11.3,4,387,0,1,99,0,8.4,55,15.4
121681,815,4077,782,384,398,49.1,50.9,7,0.9,27,3.5,26,756,0,3.3,96.7,0,7.7,92,15.1
121687,815,4202,1513,737,776,48.7,51.3,32,2.1,117,7.7,28,1485,0,1.9,98.1,0,6.9,179,13.7
121689,815,4205,590,281,309,47.6,52.4,10,1.7,65,11,8,579,3,1.4,98.1,0.5,7.5,84,16.5
121690,815,4206,291,120,171,41.2,58.8,21,7.2,13,4.5,18,273,0,6.2,93.8,0,6.5,41,14.1
121693,815,4211,1519,754,765,49.6,50.4,23,1.5,88,5.8,8,1511,0,0.5,99.5,0,2.8,114,8.8
121694,815,4215,933,511,422,54.8,45.2,2,0.2,69,7.4,17,911,5,1.8,97.6,0.5,1.4,16,2.5
121695,815,4216,749,393,356,52.5,47.5,7,0.9,41,5.5,18,731,0,2.4,97.6,0,6.3,118,18
121699,815,4221,560,301,259,53.8,46.3,6,1.1,122,21.8,22,538,0,3.9,96.1,0,5.2,69,13.7
121700,815,4223,352,188,164,53.4,46.6,12,3.4,33,9.4,2,350,0,0.6,99.4,0,8.9,51,14.5
121702,815,4225,1144,608,536,53.1,46.9,13,1.1,107,9.4,66,1078,0,5.8,94.2,0,9.1,268,23.4
121714,815,4604,583,315,268,54,46,14,2.4,53,9.1,116,466,1,19.9,79.9,0.2,7.1,104,17.8
121715,815,4605,483,264,219,54.7,45.3,6,1.2,25,5.2,15,468,0,3.1,96.9,0,5.2,56,11.6
121716,815,4608,830,0,830,0,100,4,0.5,14,1.7,54,774,2,6.5,93.3,0.2,2.3,29,5
121717,815,4609,1460,736,724,50.4,49.6,10,0.7,25,1.7,82,1374,4,5.6,94.1,0.3,2.5,72,6.5
121718,815,4610,474,219,255,46.2,53.8,21,4.4,41,8.6,53,421,0,11.2,88.8,0,7.6,83,17.5
121721,815,5200,21,15,6,71.4,28.6,0,0,1,4.8,3,18,0,14.3,85.7,0,0,1,5.9
121725,815,6000,216,210,6,97.2,2.8,1,0.5,0,0,0,0,0,0,0,0,0,NP,NP
121730,815,6002,417,215,202,51.6,48.4,1,0.2,0,0,0,0,0,0,0,0,0,NP,NP
121732,815,6003,170,82,88,48.2,51.8,0,0,0,0,0,0,0,0,0,0,0,NP,NP
121733,815,6004,168,94,74,56,44,1,0.6,0,0,0,0,0,0,0,0,0,NP,NP
121735,815,6006,558,207,351,37.1,62.9,0,0,0,0,0,0,0,0,0,0,0,NP,NP
121738,815,6009,207,24,183,11.6,88.4,0,0,0,0,0,0,0,0,0,0,0,NP,NP
121740,815,6011,438,206,232,47,53,0,0,0,0,0,0,0,0,0,0,0,NP,NP
121741,815,6012,535,429,106,80.2,19.8,1,0.2,0,0,0,0,0,0,0,0,0,NP,NP
121743,815,6014,1063,545,518,51.3,48.7,0,0,0,0,0,0,0,0,0,0,0,NP,NP
121746,815,6017,172,91,81,52.9,47.1,0,0,0,0,0,0,0,0,0,0,0,NP,NP
121748,815,6019,170,71,99,41.8,58.2,7,4.1,0,0,0,0,0,0,0,0,0,NP,NP
121749,815,6035,284,284,0,100,0,NP,NP,0,0,0,0,0,0,0,0,0,NP,NP
121751,815,6021,95,41,54,43.2,56.8,1,1.1,0,0,0,0,0,0,0,0,0,NP,NP
121752,815,6022,377,159,218,42.2,57.8,1,0.3,0,0,0,0,0,0,0,0,0,NP,NP
121753,815,6023,14,9,5,64.3,35.7,0,0,0,0,0,0,0,0,0,0,0,NP,NP
121757,815,6027,165,85,80,51.5,48.5,0,0,0,0,0,0,0,0,0,0,0,NP,NP
121758,815,6028,878,401,477,45.7,54.3,0,0,0,0,0,0,0,0,0,0,0,NP,NP
121763,815,6032,46,26,20,56.5,43.5,0,0,0,0,0,0,0,0,0,0,0,NP,NP
121764,815,7000,65,0,65,0,100,65,100,0,0,0,65,0,0,100,0,35.4,41,63.1
121765,815,7002,58,0,58,0,100,57,98.3,1,1.7,0,56,2,0,96.6,3.4,9.1,NP,NP
121766,815,7004,75,25,50,33.3,66.7,75,100,0,0,1,74,0,1.3,98.7,0,23.3,16,37.2
121771,815,7015,51,19,32,37.3,62.7,51,100,0,0,2,49,0,3.9,96.1,0,14.3,6,21.4
121772,815,7017,75,30,45,40,60,75,100,0,0,0,75,0,0,100,0,62.2,30,66.7
121775,815,7022,113,28,85,24.8,75.2,113,100,0,0,6,107,0,5.3,94.7,0,21.2,36,31.9
121776,815,7024,70,25,45,35.7,64.3,70,100,0,0,7,63,0,10,90,0,28.6,12,35.3
121778,815,7027,57,22,35,38.6,61.4,57,100,0,0,3,54,0,5.3,94.7,0,25,12,27.3
121779,815,7029,213,58,155,27.2,72.8,213,100,0,0,5,208,0,2.3,97.7,0,22.1,72,34
121780,815,7030,41,4,37,9.8,90.2,34,82.9,7,17.1,0,41,0,0,100,0,24.4,19,46.3
131124,815,6037,565,225,340,39.8,60.2,0,0,0,0,0,0,0,0,0,0,0,NP,NP
132728,815,3902,80,41,39,51.3,48.8,2,2.5,11,13.8,13,67,0,16.3,83.8,0,8.8,14,17.5
133106,815,3903,329,167,162,50.8,49.2,5,1.5,20,6.1,11,318,0,3.3,96.7,0,12.5,63,19.1
134660,815,6036,18,2,16,11.1,88.9,18,100,0,0,0,0,0,0,0,0,0,NP,NP
136497,815,4200,1929,966,963,50.1,49.9,12,0.6,48,2.5,65,1855,9,3.4,96.2,0.5,3.1,100,7.4
136664,815,4518,858,858,0,100,0,1,0.1,49,5.7,33,825,0,3.8,96.2,0,2.9,36,5.9
136728,815,4152,768,361,407,47,53,9,1.2,66,8.6,26,742,0,3.4,96.6,0,11.8,166,24.8
136736,815,4210,1736,845,891,48.7,51.3,24,1.4,89,5.1,92,1644,0,5.3,94.7,0,5.1,206,15
136896,815,4217,1506,746,760,49.5,50.5,3,0.2,34,2.3,80,1426,0,5.3,94.7,0,6.4,197,15.2
137139,815,4611,1950,1002,948,51.4,48.6,50,2.6,13,0.7,60,1890,0,3.1,96.9,0,2.5,66,5.1
137348,815,2047,43,21,22,48.8,51.2,0,0,11,25.6,2,41,0,4.7,95.3,0,2.3,5,11.6
137412,815,4203,656,320,336,48.8,51.2,10,1.5,76,11.6,34,622,0,5.2,94.8,0,10.8,139.5,22.2
138190,815,4219,555,313,242,56.4,43.6,8,1.4,98,17.7,35,520,0,6.3,93.7,0,16.8,155,31.3
139482,815,7009,85,27,58,31.8,68.2,85,100,0,0,4,81,0,4.7,95.3,0,40,43,50.6
140018,815,2000,265,121,144,45.7,54.3,1,0.4,40,15.1,26,239,0,9.8,90.2,0,20.8,77,32.9
141179,815,4000,341,157,184,46,54,4,1.2,40,11.7,26,315,0,7.6,92.4,0,13.5,95,27.9
141393,815,2001,167,79,88,47.3,52.7,3,1.8,16,9.6,1,166,0,0.6,99.4,0,6.2,20,14.6
141463,815,2426,225,100,125,44.4,55.6,3,1.3,28,12.4,3,222,0,1.3,98.7,0,10.2,33,14.7
141722,815,3368,275,131,144,47.6,52.4,8,2.9,12,4.4,5,270,0,1.8,98.2,0,4,18,6.5
141880,815,2002,212,101,111,47.6,52.4,2,0.9,16,7.5,33,179,0,15.6,84.4,0,6.9,21,14.4
141930,815,4047,1167,580,587,49.7,50.3,6,0.5,153,13.1,21,1146,0,1.8,98.2,0,7.8,142.5,14.5
142023,815,2003,187,98,89,52.4,47.6,1,0.5,13,7,48,139,0,25.7,74.3,0,14.1,35,21.1
142061,815,4001,389,186,203,47.8,52.2,10,2.6,66,17,2,387,0,0.5,99.5,0,15.2,125,32.1
142148,815,3247,277,132,145,47.7,52.3,2,0.7,25,9,29,248,0,10.5,89.5,0,9.7,34,12.3
142159,815,3378,202,106,96,52.5,47.5,3,1.5,10,5,55,147,0,27.2,72.8,0,1,6,3
142176,815,3371,192,91,101,47.4,52.6,6,3.1,18,9.4,12,180,0,6.3,93.8,0,4.7,18,9.4
142189,815,2302,131,73,58,55.7,44.3,0,0,5,3.8,0,131,0,0,100,0,0.9,4,3.6
142198,815,2328,316,139,177,44,56,6,1.9,66,20.9,7,309,0,2.2,97.8,0,8.9,37,11.7
142201,815,2346,112,57,55,50.9,49.1,2,1.8,7,6.3,0,112,0,0,100,0,0,NP,NP
142204,815,2376,300,153,147,51,49,2,0.7,18,6,5,295,0,1.7,98.3,0,5.3,23,7.7
142220,815,2333,482,231,251,47.9,52.1,1,0.2,61,12.7,41,440,1,8.5,91.3,0.2,3.3,26,6.2
142497,815,2330,184,92,92,50,50,2,1.1,15,8.2,13,171,0,7.1,92.9,0,18.5,42,25
142592,815,2331,239,128,111,53.6,46.4,1,0.4,8,3.3,9,230,0,3.8,96.2,0,3.8,10,4.2
142593,815,2372,439,189,250,43.1,56.9,9,2.1,36,8.2,0,439,0,0,100,0,1.1,14,3.2
142851,815,3260,98,57,41,58.2,41.8,0,0,13,13.3,0,98,0,0,100,0,1,1,1
142884,815,4002,207,40,167,19.3,80.7,0,0,60,29,4,203,0,1.9,98.1,0,11.9,40,24.2
142911,815,6034,34,5,29,14.7,85.3,34,100,0,0,0,0,0,0,0,0,0,NP,NP
143138,815,4003,381,178,203,46.7,53.3,4,1,43,11.3,8,373,0,2.1,97.9,0,8.9,96,25.2
143139,815,2004,88,39,49,44.3,55.7,3,3.4,7,8,1,87,0,1.1,98.9,0,10.2,18,20.5
143287,815,2368,284,144,140,50.7,49.3,4,1.4,32,11.3,7,277,0,2.5,97.5,0,18,70,24.6
143288,815,4073,982,480,502,48.9,51.1,10,1,63,6.4,16,966,0,1.6,98.4,0,9.4,222,22.6
143289,815,3288,159,86,73,54.1,45.9,0,0,34,21.4,8,151,0,5,95,0,2,9,5.9
143290,815,2154,224,130,94,58,42,11,4.9,38,17,4,220,0,1.8,98.2,0,19.5,62,31.3
143466,815,3245,153,68,85,44.4,55.6,0,0,8,5.2,2,151,0,1.3,98.7,0,0.8,4,3.4
143523,815,2005,109,51,58,46.8,53.2,0,0,8,7.3,12,97,0,11,89,0,1,4,3.9
143612,815,2139,286,132,154,46.2,53.8,2,0.7,27,9.4,10,276,0,3.5,96.5,0,26.1,100,37.2
143613,815,2382,401,177,224,44.1,55.9,6,1.5,31,7.7,27,374,0,6.7,93.3,0,4.2,32,8
144155,815,3133,50,24,26,48,52,1,2,11,22,0,50,0,0,100,0,22,15,30
144156,815,3022,113,59,54,52.2,47.8,4,3.5,5,4.4,0,113,0,0,100,0,0,2,1.9
144157,815,3030,30,15,15,50,50,0,0,5,16.7,0,30,0,0,100,0,10,6,20
144159,815,2065,218,105,113,48.2,51.8,2,0.9,19,8.7,2,216,0,0.9,99.1,0,3.5,15,8.1
144161,815,3090,56,27,29,48.2,51.8,1,1.8,12,21.4,0,56,0,0,100,0,12.5,7,12.5
144162,815,3291,114,49,65,43,57,1,0.9,22,19.3,0,114,0,0,100,0,4.4,6,5.3
144163,815,2377,409,192,217,46.9,53.1,3,0.7,25,6.1,4,404,1,1,98.8,0.2,4.6,31,7.6
144164,815,3034,33,12,21,36.4,63.6,0,0,3,9.1,0,33,0,0,100,0,12.1,4,12.1
144166,815,3065,35,13,22,37.1,62.9,0,0,4,11.4,2,33,0,5.7,94.3,0,0,2,6.7
144167,815,3079,150,78,72,52,48,0,0,8,5.3,0,150,0,0,100,0,2.7,8,5.3
144168,815,2389,207,96,111,46.4,53.6,3,1.4,26,12.6,1,206,0,0.5,99.5,0,5.3,22,10.6
144274,815,3154,243,109,134,44.9,55.1,0,0,50,20.6,8,235,0,3.3,96.7,0,15.9,48,24.1
144647,815,2007,209,86,123,41.1,58.9,4,1.9,16,7.7,2,207,0,1,99,0,17.1,46,25.3
144840,815,3120,136,66,70,48.5,51.5,0,0,23,16.9,1,135,0,0.7,99.3,0,7.6,16,14.4
144929,815,4232,518,246,272,47.5,52.5,17,3.3,32,6.2,6,512,0,1.2,98.8,0,7.1,99,19.1
144930,815,3278,188,82,106,43.6,56.4,2,1.1,31,16.5,2,186,0,1.1,98.9,0,6.4,16,8.5
144931,815,2351,386,201,185,52.1,47.9,5,1.3,55,14.2,105,281,0,27.2,72.8,0,25.1,141,45
145026,815,2383,198,99,99,50,50,0,0,37,18.7,18,180,0,9.1,90.9,0,13.6,40,20.2
145090,815,4076,1360,632,728,46.5,53.5,9,0.7,126,9.3,37,1322,1,2.7,97.2,0.1,7.9,176,15.8
145411,815,2008,168,84,84,50,50,3,1.8,26,15.5,9,159,0,5.4,94.6,0,15.9,39,26.9
LA,815,PRI,46220,22439,23781,48.5,51.5,1403,3,5389,11.7,2454,43755,11,5.3,94.7,0,9.4,6798,16.3
LA,815,SEC,37023,18256,18767,49.3,50.7,1305,3.5,2816,7.6,1290,35679,54,3.5,96.4,0.1,7.9,5437,17.2
NAT,,PRI,5035029,2449663,2585366,48.7,51.3,156200,3.1,613852,12.2,1072292,3955223,7514,21.3,78.6,0.1,14.6,1136998.5,24.3
NAT,,SEC,3343780,1644558,1699222,49.2,50.8,146979,4.4,347288,10.4,551463,2783105,9212,16.5,83.2,0.3,14,836510.5,28.6